quest_id,display_name,npc_name,quest_type,required_tag,sets_conversation_key,required_iterations,reward_type,currency_reward,notes
walrus_placement_quest,Your First Object,Walrus,DrawSomething,DrawSomething,ittle_first_placement_c,,,100,
lemon_sky_quest,The Color of the sky,Lemon,IteratedDraw,BlueSky,lemon_bluesky_c,3,BecomeSky,100,
amyjo_tree,A Tree a Day Keeps Amy Jo at Bay,AmyJo,DrawSomething,AmyJoTree,aj_tree_c,,,100,
gleeglo_watercolor_unlock,Going with the Flow,GleeGlo,DrawSomething,GleeGloWatercolor,gleeglo_watercolor_c,,,100,Maybe have them take on the texture (if time)
continue_test_quest,Add To It,Continue,ContinueDrawing,BlueSky,continue_done,1,None,50,Test ContinueDrawing quest
sequential_test_quest,Shape Story,Sequential,SequentialPrompt,TestShape,sequential_done,3,None,50,Test SequentialPrompt quest
colorpage_test_quest,Color This,ColorPage,NPCStartedDrawing,coloring_page,colorpage_done,1,None,50,Test NPCStartedDrawing quest
iterate_test_quest,Keep Going,Iterate,NPCIterativeDrawing,coloring_page,iterate_done,3,None,50,Test NPCIterativeDrawing quest
oneline_test_quest,One Shot,OneLine,OneLineDrawing,OneLineDrawing,oneline_done,1,None,50,Test OneLineDrawing quest
